{
  "n_A": 10,
  "n_B": 10,
  "window": 1000,
  "n_windows": 3,
  "total_A": {
    "mean": 1945.3,
    "ci95": 177.5211457566675,
    "sd": 248.1746920573848,
    "values": [
      1507,
      1645,
      1753,
      1881,
      1988,
      2036,
      2066,
      2078,
      2207,
      2292
    ]
  },
  "total_B": {
    "mean": 423.0,
    "ci95": 46.58353327088876,
    "sd": 65.12381370214057,
    "values": [
      304,
      367,
      385,
      392,
      412,
      421,
      462,
      480,
      486,
      521
    ]
  },
  "mann_whitney": {
    "U1_A": 100.0,
    "U2_B": 0.0,
    "U": 0.0,
    "z": 3.7418482827913495,
    "p_two_sided": 0.00018267179110953435,
    "n_A": 10,
    "n_B": 10
  },
  "cliffs_delta": {
    "delta": 1.0,
    "magnitude": "large"
  },
  "per_window": [
    {
      "window": "0-1k",
      "A_mean": 709.6,
      "A_ci": 69.07166792136991,
      "A_sd": 96.56224244841597,
      "B_mean": 285.6,
      "B_ci": 25.9538146991921,
      "B_sd": 36.28345199796856
    },
    {
      "window": "1-2k",
      "A_mean": 671.7,
      "A_ci": 67.48620126485116,
      "A_sd": 94.34575889896811,
      "B_mean": 106.3,
      "B_ci": 26.047508125730566,
      "B_sd": 36.41443547703453
    },
    {
      "window": "2-3k",
      "A_mean": 564.0,
      "A_ci": 76.75557051315559,
      "A_sd": 107.30434391124258,
      "B_mean": 31.1,
      "B_ci": 16.544931817327022,
      "B_sd": 23.129826823581904
    }
  ]
}